permno,date,y_true,y_pred
10001,1996-01-31,-0.0283012901550264,0.0062096292965414055
10002,1996-01-31,-0.0247226393286224,0.006607941827121016
10009,1996-01-31,-0.0082745751652142,0.006929939038970383
10011,1996-01-31,-0.0296840447960142,0.006995596495758291
10012,1996-01-31,-0.0860259611640697,0.007258888184444201
10016,1996-01-31,-0.00099938726283,0.007258888184444201
10019,1996-01-31,-0.0247386072232529,0.006607941827121016
10025,1996-01-31,-0.0024694364370567,0.007339803927308159
10026,1996-01-31,-0.0173202084212449,0.006997253245179739
10028,1996-01-31,-0.0449139257345025,0.00793796407281271
10032,1996-01-31,0.008592730980925,0.006929939038970383
10035,1996-01-31,-0.0005645729332784,0.007539872213208853
10037,1996-01-31,-0.0024437967466764,0.006929939038970383
10039,1996-01-31,-0.024905925584479,0.006607941827121016
10042,1996-01-31,-0.0190872859199076,0.0062096292965414055
10043,1996-01-31,-0.0170850589131593,0.006995596495758291
10044,1996-01-31,-0.0285424431192224,0.006997253245179739
10048,1996-01-31,-0.0207794686083231,0.006995596495758291
10051,1996-01-31,-0.0038728111054874,0.006838633663188377
10056,1996-01-31,0.0591780016261843,0.006607941827121016
10057,1996-01-31,0.0299703566954999,0.006607941827121016
10060,1996-01-31,-0.0316217617181701,0.006838633663188377
10062,1996-01-31,0.0054371428019181,0.006995596495758291
10064,1996-01-31,-0.0465252656985477,0.006838633663188377
10065,1996-01-31,-0.0037490965872827,0.0062096292965414055
10071,1996-01-31,-0.017647612994439,0.006607941827121016
10074,1996-01-31,-0.0207982345864921,0.006838633663188377
10075,1996-01-31,-0.0076627248040292,0.007066478402541605
10078,1996-01-31,-0.0154969727262062,0.007794162892273752
10080,1996-01-31,-0.0180333604819799,0.006995596495758291
10085,1996-01-31,-0.0035929353137091,0.007794162892273752
10087,1996-01-31,0.0034253671030711,0.006607941827121016
10089,1996-01-31,0.0026482669584178,0.0062096292965414055
10092,1996-01-31,-0.0671098101428115,0.006838633663188377
10094,1996-01-31,-0.0075925675983774,0.006880708141981257
10097,1996-01-31,-0.0428640484422399,0.007246746383964871
10100,1996-01-31,-0.0990551006450626,0.006995596495758291
10104,1996-01-31,-0.0290995463852337,0.006607941827121016
10107,1996-01-31,-0.0115924993159414,0.006607941827121016
10108,1996-01-31,-0.0230122952227317,0.006607941827121016
10114,1996-01-31,-0.0377188951032724,0.006607941827121016
10116,1996-01-31,0.0212587121008688,0.007794162892273752
10119,1996-01-31,-0.0040996660139273,0.007258888184444201
10120,1996-01-31,-0.0390022267454454,0.006607941827121016
10122,1996-01-31,-0.0065252782580653,0.006929939038970383
10123,1996-01-31,0.0050633414007607,0.007066478402541605
10126,1996-01-31,-0.0040919258801626,0.006607941827121016
10127,1996-01-31,0.1637402689698881,0.007066478402541605
10128,1996-01-31,0.0116024622104994,0.0074185013126982086
10130,1996-01-31,0.0017899700533855,0.006929939038970383
10136,1996-01-31,-0.0108037884545115,0.007170895251766609
10137,1996-01-31,-0.0509874482406757,0.007246746383964871
10138,1996-01-31,-0.00670130519198,0.007794162892273752
10140,1996-01-31,-0.0394449940962457,0.0062096292965414055
10141,1996-01-31,-0.0929998656108683,0.006725131874578637
10142,1996-01-31,-0.0592079887133474,0.00793796407281271
10143,1996-01-31,0.064189847329065,0.006929939038970383
10145,1996-01-31,-0.0200939793475674,0.006995596495758291
10147,1996-01-31,0.0005014743002077,0.006607941827121016
10149,1996-01-31,0.0019546168198054,0.006929939038970383
10150,1996-01-31,-0.001439328648069,0.006607941827121016
10154,1996-01-31,-0.0171880470215757,0.007246746383964871
10155,1996-01-31,0.0052216833566123,0.007339803927308159
10157,1996-01-31,-0.0233118586014385,0.006929939038970383
10160,1996-01-31,0.0775457067133968,0.006336405287877048
10163,1996-01-31,-0.0458533317682598,0.006607941827121016
10170,1996-01-31,-0.194205652173706,0.006838633663188377
10173,1996-01-31,-0.0592629411393245,0.006929939038970383
10175,1996-01-31,-0.0414947913094008,0.007066478402541605
10177,1996-01-31,-0.0915076408951702,0.006607941827121016
10178,1996-01-31,-0.0192151967403028,0.006995596495758291
10179,1996-01-31,0.0085375022173134,0.006929939038970383
10180,1996-01-31,-0.1475479013987813,0.006607941827121016
10182,1996-01-31,-0.001604786169598,0.007246746383964871
10185,1996-01-31,0.0027293062329042,0.006995596495758291
10187,1996-01-31,-0.0376305312554316,0.006995596495758291
10192,1996-01-31,-0.0242175736044223,0.007539872213208853
10194,1996-01-31,-0.0017475519403553,0.007246746383964871
10195,1996-01-31,-0.0357535412099903,0.007066478402541605
10199,1996-01-31,-0.053250795451467,0.007066478402541605
10200,1996-01-31,-0.0471486676194829,0.006607941827121016
10205,1996-01-31,-0.0841044426681258,0.006929939038970383
10207,1996-01-31,-0.0151577574038253,0.0062096292965414055
10211,1996-01-31,-0.0051541339219726,0.006929939038970383
10212,1996-01-31,-0.0128295275800104,0.006929939038970383
10213,1996-01-31,0.0165236925912428,0.007794162892273752
10214,1996-01-31,-0.034056094333121,0.007246746383964871
10216,1996-01-31,0.0047349281395065,0.006607941827121016
10218,1996-01-31,0.0003468255702207,0.006929939038970383
10222,1996-01-31,-0.0091866915781468,0.0062096292965414055
10225,1996-01-31,-0.0324827195451308,0.0070257957384703825
10230,1996-01-31,0.0117784126482429,0.006929939038970383
10231,1996-01-31,0.0070402565377365,0.006607941827121016
10232,1996-01-31,-0.0295208958726237,0.006607941827121016
10235,1996-01-31,-0.0040863384689467,0.006607941827121016
10238,1996-01-31,-0.0095894760052872,0.006607941827121016
10239,1996-01-31,-0.0084027130021246,0.006995596495758291
10242,1996-01-31,-0.0161360683133296,0.006607941827121016
10244,1996-01-31,-0.0366683608186683,0.006607941827121016
10246,1996-01-31,-0.003239155074265,0.007246746383964871
10247,1996-01-31,0.0007693626261293,0.007170895251766609
10248,1996-01-31,-0.0069545751538453,0.007246746383964871
10250,1996-01-31,0.1015707581941869,0.006995596495758291
10252,1996-01-31,-0.0119142045679716,0.006607941827121016
10256,1996-01-31,-0.067741813045742,0.006929939038970383
10257,1996-01-31,-0.0308977456632742,0.006838633663188377
10258,1996-01-31,0.0561874716682208,0.006607941827121016
10259,1996-01-31,-0.0352539631198067,0.006607941827121016
10271,1996-01-31,-0.0157419316470639,0.006929939038970383
10272,1996-01-31,-0.0632506883531354,0.006607941827121016
10275,1996-01-31,-0.0929477074753789,0.006607941827121016
10278,1996-01-31,-0.0202860701901842,0.006838633663188377
10281,1996-01-31,-0.0546609934416252,0.007539872213208853
10282,1996-01-31,-0.0964643072228728,0.006880708141981257
10286,1996-01-31,-0.0276283683976266,0.0062096292965414055
10290,1996-01-31,-0.0199796369869508,0.007258888184444201
10294,1996-01-31,-0.0087179479766922,0.007539872213208853
10297,1996-01-31,-0.071358441903174,0.006607941827121016
10299,1996-01-31,-0.0217787158540787,0.006929939038970383
10302,1996-01-31,-0.0647313599337793,0.006607941827121016
10304,1996-01-31,-0.0044339739099537,0.006929939038970383
10307,1996-01-31,0.0107879878748873,0.00793796407281271
10308,1996-01-31,-0.0404989637450482,0.006607941827121016
10309,1996-01-31,-0.03196655523601,0.006607941827121016
10318,1996-01-31,1.7465074674927195e-05,0.006607941827121016
10324,1996-01-31,-0.0410471548268078,0.007246746383964871
10325,1996-01-31,-0.0156886650204261,0.007941466892552294
10326,1996-01-31,-0.0971432180117128,0.007258888184444201
10328,1996-01-31,0.0276517352019181,0.007258888184444201
10333,1996-01-31,0.1588810804264754,0.006607941827121016
10337,1996-01-31,-0.0187647898895962,0.006607941827121016
10341,1996-01-31,0.0050765904924135,0.006929939038970383
10342,1996-01-31,-0.012260416197607,0.007258888184444201
10343,1996-01-31,-0.0270758532737364,0.006995596495758291
10346,1996-01-31,-0.0992348731341832,0.0028478188324795794
10351,1996-01-31,0.0012209446056543,0.007246746383964871
10352,1996-01-31,-0.0093886147312924,0.006607941827121016
10353,1996-01-31,-0.0019609722939541,0.007246746383964871
10355,1996-01-31,0.0944635505302557,0.007258888184444201
10360,1996-01-31,-0.0055991939184516,0.007339803927308159
10361,1996-01-31,0.0027034561853016,0.006880708141981257
10362,1996-01-31,-0.050979245752967,0.006607941827121016
10363,1996-01-31,-0.0168982289060755,0.006607941827121016
10364,1996-01-31,1.3500212916749826e-05,0.007339803927308159
10371,1996-01-31,0.0402480878295519,0.007794162892273752
10375,1996-01-31,-0.0387227641152817,0.006929939038970383
10376,1996-01-31,-0.0359679985902714,0.0072851352309467425
10382,1996-01-31,-0.0241870269115179,0.006607941827121016
10383,1996-01-31,-0.0305171971188355,0.006929939038970383
10386,1996-01-31,-0.0232991867210382,0.007794162892273752
10388,1996-01-31,0.0106633831210366,0.007246746383964871
10390,1996-01-31,0.0457399357138697,0.00793796407281271
10394,1996-01-31,-0.0385643805452411,0.006725131874578637
10395,1996-01-31,-0.0218241093288928,0.006995596495758291
10397,1996-01-31,-0.0378714627955972,0.007539872213208853
10398,1996-01-31,-0.0479084611186912,0.006929939038970383
10401,1996-01-31,-0.021475465461203,0.007066478402541605
10404,1996-01-31,-0.0017776097761974,0.006607941827121016
10406,1996-01-31,-0.0723408764801861,0.0062096292965414055
10407,1996-01-31,-0.0980558622789171,0.006607941827121016
10410,1996-01-31,-0.0045363067960474,0.007794162892273752
10411,1996-01-31,-0.0147233312189806,0.006607941827121016
10412,1996-01-31,0.0254299937076704,0.006607941827121016
10418,1996-01-31,0.1163797604895386,0.006607941827121016
10419,1996-01-31,-0.1584157758133219,0.006995596495758291
10421,1996-01-31,0.0061453608270864,0.006607941827121016
10422,1996-01-31,-0.0754054807437304,0.007258888184444201
10423,1996-01-31,-0.0164749404708268,0.007539872213208853
10425,1996-01-31,-0.0310307381236646,0.007794162892273752
10434,1996-01-31,-0.0223542222394008,0.007170895251766609
10438,1996-01-31,-0.0224213583167712,0.006607941827121016
10439,1996-01-31,-0.0225056670408965,0.006995596495758291
10442,1996-01-31,-0.0239681019282019,0.007539872213208853
10443,1996-01-31,-0.0582684246296435,0.006838633663188377
10446,1996-01-31,-0.0339023316194088,0.006607941827121016
10449,1996-01-31,-0.0414609448251379,0.006607941827121016
10451,1996-01-31,-0.000541533709757,0.007794162892273752
10453,1996-01-31,-0.0620685291459157,0.006838633663188377
10455,1996-01-31,0.0788525302173622,0.006995596495758291
10456,1996-01-31,-0.0145257992171315,0.006607941827121016
10457,1996-01-31,-0.0292072291209316,0.006929939038970383
10458,1996-01-31,-0.001009589103028,0.006607941827121016
10460,1996-01-31,-0.0438272853755477,0.006607941827121016
10461,1996-01-31,-0.0079392161282278,0.006929939038970383
10462,1996-01-31,0.0002212927226974,0.006838633663188377
10463,1996-01-31,0.0562713681794577,0.0068700014335217816
10467,1996-01-31,-0.0204388519019996,0.006929939038970383
10484,1996-01-31,-0.0304953439879476,0.0062096292965414055
10488,1996-01-31,-0.065272951638666,0.007339803927308159
10494,1996-01-31,0.0024839030187707,0.006607941827121016
10496,1996-01-31,0.0540477504343841,0.007258888184444201
10501,1996-01-31,-0.0335987008779149,0.006995596495758291
10506,1996-01-31,0.1535559762017201,0.006997253245179739
10507,1996-01-31,-0.0383969728492968,0.006607941827121016
10513,1996-01-31,-0.0281233814207257,0.007794162892273752
10514,1996-01-31,-0.0727603227631588,0.006725131874578637
10515,1996-01-31,0.08363216335429,0.006995596495758291
10516,1996-01-31,-0.0256514356711135,0.0070257957384703825
10517,1996-01-31,-0.0111430708764878,0.0062096292965414055
10527,1996-01-31,-0.0333159738638635,0.006995596495758291
10530,1996-01-31,0.0368955924498019,0.007794162892273752
10531,1996-01-31,-0.0035026275802563,0.007246746383964871
10536,1996-01-31,-0.0067248547901625,0.006607941827121016
10545,1996-01-31,-0.0408711050663474,0.007258888184444201
10547,1996-01-31,-0.0030066122179129,0.007794162892273752
10550,1996-01-31,0.0287582251499549,0.006607941827121016
10551,1996-01-31,-0.0043961534720285,0.006607941827121016
10560,1996-01-31,-0.0310336328801572,0.006838633663188377
10562,1996-01-31,-0.0376709974624104,0.006607941827121016
10563,1996-01-31,0.0166978517276495,0.006929939038970383
10564,1996-01-31,-0.0405626031716077,0.006995596495758291
10566,1996-01-31,-0.0492233377004291,0.006607941827121016
10568,1996-01-31,0.0076881189044868,0.006995596495758291
10569,1996-01-31,0.0010388174324817,0.006929939038970383
10571,1996-01-31,-0.0682218844730693,0.007170895251766609
10572,1996-01-31,-0.0514266595656789,0.0068700014335217816
10573,1996-01-31,-0.014095224343455,0.006725131874578637
10574,1996-01-31,0.0136215723357311,0.006607941827121016
10586,1996-01-31,-0.0782387484075818,0.006607941827121016
10588,1996-01-31,0.0097139688900034,0.006929939038970383
10594,1996-01-31,-0.0172972530769799,0.006607941827121016
10596,1996-01-31,-0.0197353331752319,0.006607941827121016
10597,1996-01-31,-0.0039805530332742,0.0028478188324795794
10598,1996-01-31,0.025600900230727,0.006607941827121016
10603,1996-01-31,-0.0002052105933679,0.006607941827121016
10604,1996-01-31,0.0034923239989701,0.007170895251766609
10605,1996-01-31,-0.0643259868857297,0.006995596495758291
10606,1996-01-31,-0.0108572024797164,0.006838633663188377
10608,1996-01-31,0.0562064375256995,0.0074185013126982086
10610,1996-01-31,-0.0103684842055479,0.006607941827121016
10611,1996-01-31,-0.0402158621811265,0.007170895251766609
10622,1996-01-31,0.0043083915960798,0.006607941827121016
10623,1996-01-31,-0.016324839816346,0.006607941827121016
10624,1996-01-31,-0.003308953676684,0.006929939038970383
10628,1996-01-31,-0.007166146760785,0.006838633663188377
10629,1996-01-31,0.005056490551372,0.006607941827121016
10633,1996-01-31,0.0847952304721194,0.007246746383964871
10634,1996-01-31,0.0578239818023006,0.0062096292965414055
10637,1996-01-31,-0.0093850023111775,0.006607941827121016
10638,1996-01-31,-0.0059196049428967,0.006607941827121016
10644,1996-01-31,-0.0101707561787414,0.006607941827121016
10645,1996-01-31,-0.0001440311515406,0.006607941827121016
10646,1996-01-31,-0.0314945901732833,0.006997253245179739
10649,1996-01-31,0.0065563685412179,0.00714025233106842
10650,1996-01-31,-0.0164436688982744,0.006929939038970383
10654,1996-01-31,-0.034858543329799,0.006607941827121016
10656,1996-01-31,-0.0018895522265966,0.006725131874578637
10657,1996-01-31,0.0007047096261537,0.006929939038970383
10658,1996-01-31,0.0098971670414221,0.006995596495758291
10659,1996-01-31,-0.0706517866956738,0.006838633663188377
10661,1996-01-31,-0.1046604615866455,0.007794162892273752
10667,1996-01-31,-0.0220032440838601,0.007170895251766609
10675,1996-01-31,-0.0483353579102195,0.006607941827121016
10680,1996-01-31,0.0015519264048419,0.006838633663188377
10682,1996-01-31,-0.0280934293253072,0.006607941827121016
10683,1996-01-31,0.0204192577159595,0.006929939038970383
10685,1996-01-31,0.0124753218990877,0.006607941827121016
10688,1996-01-31,0.048362020095086,0.006838633663188377
10691,1996-01-31,0.0648384650036711,0.006607941827121016
10693,1996-01-31,-0.025112621975169,0.0074185013126982086
10696,1996-01-31,-0.0292873398785106,0.006607941827121016
10704,1996-01-31,-0.0606795887480793,0.0074185013126982086
10706,1996-01-31,0.0039285457656165,0.006607941827121016
10709,1996-01-31,0.1135402739803395,0.006607941827121016
10713,1996-01-31,-0.0133663321438873,0.006607941827121016
10714,1996-01-31,0.0047612344373341,0.006929939038970383
10716,1996-01-31,-0.0613367607164772,0.007258888184444201
10721,1996-01-31,0.0017131053677006,0.006607941827121016
10724,1996-01-31,-0.0155981113318842,0.006995596495758291
10725,1996-01-31,-0.0211426792708401,0.006929939038970383
10726,1996-01-31,-0.0493729956000595,0.006607941827121016
10730,1996-01-31,0.001542986078381,0.006929939038970383
10731,1996-01-31,-0.0257260310535717,0.006607941827121016
10738,1996-01-31,-0.060428406383019,0.006607941827121016
10745,1996-01-31,0.0115733028773914,0.006838633663188377
10749,1996-01-31,-0.0162909882440115,0.00714025233106842
10750,1996-01-31,-0.0240681059514862,0.006838633663188377
10752,1996-01-31,-0.0130779153072011,0.006607941827121016
10753,1996-01-31,-0.028425229340216,0.007246746383964871
10755,1996-01-31,-0.0171482165865847,0.006929939038970383
10757,1996-01-31,-0.0268703646996028,0.006607941827121016
10761,1996-01-31,4.5552237956988234e-05,0.006838633663188377
10768,1996-01-31,-0.0462715465066919,0.007246746383964871
10769,1996-01-31,-0.022954970122396,0.006607941827121016
10770,1996-01-31,-0.0384037363315207,0.006838633663188377
10772,1996-01-31,0.0113741655629743,0.006995596495758291
10775,1996-01-31,-0.0167664737908135,0.0074185013126982086
10777,1996-01-31,-0.0225209272391509,0.006607941827121016
10779,1996-01-31,-0.0652427800379931,0.006607941827121016
10780,1996-01-31,0.0210967511855229,0.006607941827121016
10781,1996-01-31,0.0154214320082535,0.006607941827121016
10785,1996-01-31,-0.041499559168695,0.006607941827121016
10786,1996-01-31,-0.0448006120831471,0.007170895251766609
10790,1996-01-31,-0.0037906886108003,0.0062096292965414055
10791,1996-01-31,0.0008026352601776,0.006607941827121016
10799,1996-01-31,-0.0220582934532976,0.006929939038970383
10800,1996-01-31,-0.0441812923143748,0.006995596495758291
10803,1996-01-31,-0.0362776491880778,0.007258888184444201
10806,1996-01-31,-0.1011579316527147,0.006995596495758291
10809,1996-01-31,0.0652292058570268,0.006929939038970383
10812,1996-01-31,-0.013681713613977,0.007539872213208853
10814,1996-01-31,-0.0436362177820714,0.006995596495758291
10818,1996-01-31,-0.0101973330046417,0.006607941827121016
10821,1996-01-31,0.0318674305077705,0.006607941827121016
10822,1996-01-31,-0.016493764923783,0.006995596495758291
10823,1996-01-31,0.0162222596429348,0.006838633663188377
10825,1996-01-31,-0.0077232163773001,0.006607941827121016
10828,1996-01-31,0.0055291543250228,0.006607941827121016
10830,1996-01-31,-0.0263209993852014,0.006880708141981257
10834,1996-01-31,-0.0264538357913755,0.006929939038970383
10837,1996-01-31,-0.0098125644557394,0.006149407150916556
10838,1996-01-31,-0.0260333524474935,0.006607941827121016
10843,1996-01-31,-0.013998084334909,0.006995596495758291
10847,1996-01-31,0.0559692468627157,0.006997253245179739
10853,1996-01-31,-0.0300504634389764,0.006607941827121016
10854,1996-01-31,-0.024371228020639,0.006929939038970383
10857,1996-01-31,-0.0269181737487366,0.0070257957384703825
10860,1996-01-31,0.0186783390381918,0.006607941827121016
10862,1996-01-31,-0.0154278375946858,0.007246746383964871
10863,1996-01-31,-0.007967948870303,0.006607941827121016
10866,1996-01-31,-0.0408889340037201,0.006725131874578637
10870,1996-01-31,-0.0401889847196457,0.007794162892273752
10873,1996-01-31,-0.0148527809307258,0.006607941827121016
10874,1996-01-31,-0.009234484561437,0.006929939038970383
10875,1996-01-31,0.0384372545098495,0.007794162892273752
10876,1996-01-31,0.033749747785307,0.007246746383964871
10878,1996-01-31,-0.0013511897398414,0.006995596495758291
10879,1996-01-31,-0.1137967481267797,0.006880708141981257
10880,1996-01-31,-0.0108742105654444,0.006929939038970383
10881,1996-01-31,-0.1312792244559053,0.007339803927308159
10886,1996-01-31,-0.0657723368133018,0.006880708141981257
10889,1996-01-31,-0.0670140211249961,0.006607941827121016
10890,1996-01-31,0.0315532276680717,0.006607941827121016
10892,1996-01-31,-0.0558072106174848,0.006929939038970383
10893,1996-01-31,0.0668139614522224,0.007258888184444201
10901,1996-01-31,-0.003166200247852,0.007246746383964871
10905,1996-01-31,0.0467285695269939,0.007223107339790162
10906,1996-01-31,-0.0218377127533231,0.006929939038970383
10908,1996-01-31,-0.0103934762444446,0.0074185013126982086
10909,1996-01-31,0.0260728239324713,0.006607941827121016
10913,1996-01-31,-0.0070813535856969,0.006929939038970383
10914,1996-01-31,-0.0171319040708266,0.0062096292965414055
10916,1996-01-31,-0.0326967704612439,0.006607941827121016
10924,1996-01-31,-0.0300938843258787,0.007170895251766609
10926,1996-01-31,-0.0487936352122437,0.006929939038970383
10928,1996-01-31,-0.0720744696273165,0.006929939038970383
10929,1996-01-31,-0.0320289790707516,0.006995596495758291
10932,1996-01-31,0.039005449795972,0.006607941827121016
10933,1996-01-31,0.0057637055596077,0.007246746383964871
10935,1996-01-31,-0.0548715615074527,0.006607941827121016
10942,1996-01-31,-0.0129099743050582,0.006929939038970383
10952,1996-01-31,-0.0257738779521678,0.006838633663188377
10957,1996-01-31,-0.0443593177211851,0.006607941827121016
10961,1996-01-31,-0.0149065760918388,0.006929939038970383
10963,1996-01-31,0.0647536994572413,0.007170895251766609
10966,1996-01-31,0.0320095968171151,0.006607941827121016
10967,1996-01-31,-0.0152613320259433,0.007258888184444201
10969,1996-01-31,0.0211187830930343,0.007258888184444201
10972,1996-01-31,0.0982444413685541,0.006725131874578637
10974,1996-01-31,-0.0108410480980964,0.006929939038970383
10977,1996-01-31,-0.0308961942536783,0.006929939038970383
10978,1996-01-31,-0.0061290645548993,0.006838633663188377
10984,1996-01-31,0.0321586719111691,0.006607941827121016
10989,1996-01-31,0.0035120027201114,0.0070257957384703825
10994,1996-01-31,-0.0255372229122705,0.006336405287877048
10998,1996-01-31,0.0077809227881647,0.007258888184444201
10999,1996-01-31,-0.0040411859442812,0.007539872213208853
11000,1996-01-31,-0.0458819583231688,0.007258888184444201
11001,1996-01-31,-0.0194349608181464,0.006607941827121016
11005,1996-01-31,-0.0379249337625789,0.006838633663188377
11006,1996-01-31,-0.0174232544389037,0.006607941827121016
11012,1996-01-31,-0.1293298250984075,0.0074185013126982086
11014,1996-01-31,-0.022806606451731,0.007258888184444201
11018,1996-01-31,-0.0031937379787872,0.006607941827121016
11020,1996-01-31,-0.0120309077331612,0.007258888184444201
11028,1996-01-31,0.080521559323468,0.0068700014335217816
11031,1996-01-31,0.0003932131659459,0.007066478402541605
11036,1996-01-31,0.0404395138167062,0.006607941827121016
11037,1996-01-31,0.0072070811923529,0.006607941827121016
11038,1996-01-31,0.026171626731437,0.006149407150916556
11040,1996-01-31,-0.0337056074045781,0.007066478402541605
11041,1996-01-31,-0.0518452979452555,0.006995596495758291
11042,1996-01-31,-0.0095091849884863,0.007246746383964871
11043,1996-01-31,-0.0392946962967743,0.0074185013126982086
11045,1996-01-31,-0.0504022969874702,0.006607941827121016
11048,1996-01-31,-0.0785912508848219,0.0062096292965414055
11054,1996-01-31,-0.0405074169972679,0.006995596495758291
11055,1996-01-31,-0.0673145338855572,0.0062096292965414055
11056,1996-01-31,-0.0447562742638092,0.006607941827121016
11057,1996-01-31,-0.0393670295937801,0.006607941827121016
11064,1996-01-31,-0.0609191077872594,0.006929939038970383
11065,1996-01-31,-0.0188380168110228,0.006607941827121016
11066,1996-01-31,-0.0036773111875815,0.006607941827121016
11072,1996-01-31,-0.0142760515620564,0.007258888184444201
11077,1996-01-31,-0.0405558869766963,0.007258888184444201
11078,1996-01-31,-0.0205568282367672,0.006607941827121016
11081,1996-01-31,-0.1042430696570567,0.007258888184444201
11082,1996-01-31,0.0245041107587149,0.006838633663188377
11088,1996-01-31,0.0182336675514332,0.007170895251766609
11095,1996-01-31,-0.0372734680572834,0.006929939038970383
11100,1996-01-31,-0.1929568330114489,0.006838633663188377
11103,1996-01-31,-0.0039073575125542,0.007258888184444201
11106,1996-01-31,-0.0134054020479119,0.006725131874578637
11119,1996-01-31,0.1278355582699499,0.006607941827121016
11120,1996-01-31,-0.0085146618547784,0.006607941827121016
11122,1996-01-31,-0.0205749066525772,0.006607941827121016
11124,1996-01-31,-0.0184616441725652,0.006838633663188377
11127,1996-01-31,0.0111112517382959,0.006838633663188377
11131,1996-01-31,-0.0116562250661464,0.006607941827121016
11132,1996-01-31,-0.0180603647686729,0.006607941827121016
11136,1996-01-31,-0.1906650132347068,0.007066478402541605
11137,1996-01-31,-0.066958896127003,0.006607941827121016
11138,1996-01-31,-0.0084456220118474,0.007794162892273752
11139,1996-01-31,-0.0296593850428106,0.00714025233106842
11140,1996-01-31,-0.0329509113435812,0.006929939038970383
11141,1996-01-31,-0.0267358802684443,0.0074185013126982086
11144,1996-01-31,-0.1186695677296154,0.006607941827121016
11146,1996-01-31,-0.0253593547269821,0.006929939038970383
11152,1996-01-31,0.0061086988749181,0.0062096292965414055
11154,1996-01-31,0.0059432627063026,0.006607941827121016
11157,1996-01-31,0.0437676490752069,0.006607941827121016
11159,1996-01-31,-0.0201751603886334,0.006607941827121016
11162,1996-01-31,0.0046544030436237,0.006607941827121016
11168,1996-01-31,0.0049225582978098,0.006838633663188377
11170,1996-01-31,-0.0172174705927141,0.0062096292965414055
11174,1996-01-31,0.2010176308812769,0.006607941827121016
11178,1996-01-31,-0.1029400673348409,0.006995596495758291
11181,1996-01-31,-0.0216659370973196,0.007246746383964871
11183,1996-01-31,-0.0440976381165051,0.006607941827121016
11186,1996-01-31,-0.0184397398719666,0.006607941827121016
11187,1996-01-31,-0.0076824531715289,0.007246746383964871
11190,1996-01-31,0.0590623622668458,0.0062096292965414055
11192,1996-01-31,-0.0317736534398543,0.007258888184444201
11194,1996-01-31,-0.0163257734385295,0.006607941827121016
11197,1996-01-31,0.0297688080266647,0.006995596495758291
11198,1996-01-31,-0.0453982864381791,0.0074185013126982086
11203,1996-01-31,-0.021186199490497,0.006995596495758291
11208,1996-01-31,-0.0309462587611965,0.006607941827121016
11211,1996-01-31,0.0116639275353526,0.007246746383964871
11214,1996-01-31,0.0061372041658079,0.006995596495758291
11215,1996-01-31,-0.0103062986614805,0.0062096292965414055
11216,1996-01-31,-0.0307153261889063,0.006607941827121016
11217,1996-01-31,-0.0604783863145129,0.006995596495758291
11221,1996-01-31,-0.0722103914499105,0.006607941827121016
11225,1996-01-31,0.0083268488473746,0.006929939038970383
11230,1996-01-31,0.0031944012169214,0.006838633663188377
11246,1996-01-31,-0.0289197369087033,0.006607941827121016
11257,1996-01-31,-0.2298758134468778,0.006607941827121016
11260,1996-01-31,-0.0127447293504152,0.007170895251766609
11262,1996-01-31,-0.0554257361467707,0.007170895251766609
11263,1996-01-31,0.0090466095981306,0.006929939038970383
11265,1996-01-31,0.1515016469629892,0.006607941827121016
11267,1996-01-31,-0.0280066444040926,0.007170895251766609
11274,1996-01-31,0.2729692895293106,0.006995596495758291
11277,1996-01-31,0.0279420714158114,0.007258888184444201
11278,1996-01-31,0.0343203834730121,0.0072851352309467425
11283,1996-01-31,-0.0416702346465138,0.006607941827121016
11285,1996-01-31,0.0037796506942389,0.006929939038970383
11291,1996-01-31,-0.0194877361947622,0.006997253245179739
11292,1996-01-31,0.016833070621988,0.006607941827121016
11293,1996-01-31,-0.0410322709087054,0.006607941827121016
11300,1996-01-31,0.0101614658582598,0.006607941827121016
11306,1996-01-31,-0.1258526794574613,0.007170895251766609
11308,1996-01-31,-0.0209573995340011,0.006745732927670918
11312,1996-01-31,0.0427183712016213,0.007339803927308159
11313,1996-01-31,-0.1528658092266442,0.006995596495758291
11314,1996-01-31,-0.0037735076944216,0.007066478402541605
11315,1996-01-31,-0.16249352559598,0.006995596495758291
11318,1996-01-31,-0.0646096087331573,0.006607941827121016
11321,1996-01-31,-0.028537820558181,0.006607941827121016
11322,1996-01-31,-0.0023613698372298,0.006607941827121016
11326,1996-01-31,0.0681562368191247,0.006607941827121016
11335,1996-01-31,0.0081773717002047,0.006607941827121016
11338,1996-01-31,-0.0684621092688273,0.007339803927308159
11339,1996-01-31,-0.0085466957651001,0.007794162892273752
11340,1996-01-31,-0.0215363139712303,0.007246746383964871
11342,1996-01-31,-0.0699547891012412,0.007170895251766609
11343,1996-01-31,-0.0494735868521704,0.006997253245179739
11344,1996-01-31,-0.0878212071037464,0.006569070888518547
11345,1996-01-31,-0.0411254204686531,0.006929939038970383
11346,1996-01-31,-0.0401102586648066,0.006929939038970383
11347,1996-01-31,0.0055284315477644,0.006607941827121016
11348,1996-01-31,-0.0677533596300367,0.006929939038970383
11350,1996-01-31,-0.0512974194719308,0.007170895251766609
11353,1996-01-31,-0.0165147421414109,0.006995596495758291
11357,1996-01-31,-0.0463376645817936,0.006607941827121016
11358,1996-01-31,-0.0497987923890678,0.006997253245179739
11362,1996-01-31,0.077836989699168,0.0062096292965414055
11365,1996-01-31,-0.0066094052127273,0.006607941827121016
11366,1996-01-31,-0.0105418479343214,0.006607941827121016
11368,1996-01-31,-0.0133951674518819,0.006607941827121016
11369,1996-01-31,-0.0266222955727582,0.006607941827121016
11371,1996-01-31,-0.011273288875142,0.007246746383964871
11372,1996-01-31,0.0390566362729302,0.006995596495758291
11373,1996-01-31,0.0133216884016385,0.006607941827121016
11377,1996-01-31,-0.0030399167469006,0.006607941827121016
11378,1996-01-31,0.0192422042794535,0.006607941827121016
11379,1996-01-31,-0.0133317438917233,0.007170895251766609
11381,1996-01-31,0.0069065942595989,0.006929939038970383
11382,1996-01-31,-0.0164811532340979,0.006880708141981257
11384,1996-01-31,-0.0088077070135408,0.006607941827121016
11385,1996-01-31,-0.0079320917146967,0.006929939038970383
11389,1996-01-31,0.0006552276676002,0.006607941827121016
11393,1996-01-31,-0.0538629494825133,0.007339803927308159
11394,1996-01-31,-0.0197681019546317,0.006607941827121016
11396,1996-01-31,0.017317066215867,0.006929939038970383
11397,1996-01-31,-0.0047289442302681,0.006607941827121016
11401,1996-01-31,-0.0214453082432786,0.007794162892273752
11403,1996-01-31,0.0042907056313974,0.007258888184444201
11404,1996-01-31,-0.0060401078725216,0.006838633663188377
11405,1996-01-31,-0.0618438202058365,0.006607941827121016
11406,1996-01-31,-0.0371110278997615,0.006995596495758291
11409,1996-01-31,0.0088586317490689,0.006607941827121016
11411,1996-01-31,-0.0015926034925389,0.006607941827121016
11414,1996-01-31,0.0303591766952594,0.006995596495758291
11415,1996-01-31,-0.0490524249968467,0.006607941827121016
11416,1996-01-31,-0.0498144371702854,0.006607941827121016
11425,1996-01-31,-0.0584748916373293,0.007223107339790162
11426,1996-01-31,-0.0592883525730178,0.006929939038970383
11430,1996-01-31,-0.0498373926042259,0.006929939038970383
11441,1996-01-31,0.0258911148280615,0.006607941827121016
11442,1996-01-31,-0.0163588369197874,0.006607941827121016
11449,1996-01-31,-0.0376914961546862,0.006607941827121016
11450,1996-01-31,-0.04254544918194,0.007246746383964871
11452,1996-01-31,-0.0167922988733636,0.0062096292965414055
11456,1996-01-31,0.028258255527723,0.0062096292965414055
11458,1996-01-31,-0.0276902883829531,0.00714025233106842
11459,1996-01-31,0.0224399247273007,0.006838633663188377
11462,1996-01-31,0.0108623680459676,0.006607941827121016
11465,1996-01-31,-0.008554638308489,0.006607941827121016
11468,1996-01-31,-0.0571463726974906,0.006607941827121016
11473,1996-01-31,-0.0403505886609208,0.007170895251766609
11475,1996-01-31,-0.0103615139553057,0.006995596495758291
11476,1996-01-31,-0.0254306428846346,0.006929939038970383
11477,1996-01-31,-0.0354620559305197,0.006607941827121016
11478,1996-01-31,-0.0237898311168423,0.006838633663188377
11480,1996-01-31,0.0354328104410644,0.0062096292965414055
11481,1996-01-31,0.0182468559631155,0.006607941827121016
11483,1996-01-31,0.0292842979391853,0.007246746383964871
11484,1996-01-31,-0.0137009891045802,0.006995596495758291
11485,1996-01-31,-0.0048003256197385,0.006607941827121016
11486,1996-01-31,-0.0072694806486509,0.0062096292965414055
11490,1996-01-31,0.0091309903851185,0.00793796407281271
11492,1996-01-31,-0.0059585240641082,0.006607941827121016
11493,1996-01-31,-0.0437278521804866,0.006607941827121016
11496,1996-01-31,-0.0275212973934186,0.0062096292965414055
11499,1996-01-31,0.0115477738002022,0.006607941827121016
11502,1996-01-31,-0.024358240870363,0.007339803927308159
11504,1996-01-31,-0.0639447224188177,0.0062096292965414055
11506,1996-01-31,-0.0651795130256643,0.006607941827121016
11509,1996-01-31,-0.0238449070867414,0.006995596495758291
11510,1996-01-31,0.0117368886739564,0.007339803927308159
11513,1996-01-31,-0.0315271595979368,0.006607941827121016
11518,1996-01-31,-0.0337880274438669,0.006607941827121016
11522,1996-01-31,-0.0474392297207543,0.007258888184444201
11525,1996-01-31,-0.0262368713469822,0.006929939038970383
11531,1996-01-31,0.0047283582889986,0.006607941827121016
11533,1996-01-31,0.0151061427978492,0.006607941827121016
11534,1996-01-31,-0.0073405992842192,0.006838633663188377
11541,1996-01-31,-0.0212678504616287,0.006929939038970383
11545,1996-01-31,-0.0111749831609139,0.007794162892273752
11547,1996-01-31,0.0155673497124773,0.006929939038970383
11552,1996-01-31,-0.0813449806456211,0.006929939038970383
11553,1996-01-31,0.0310951517196966,0.007170895251766609
11554,1996-01-31,0.0131509708424483,0.0074185013126982086
11558,1996-01-31,-0.0166286830351848,0.006607941827121016
11561,1996-01-31,0.0178778845444754,0.006838633663188377
11562,1996-01-31,0.0461992593953549,0.006838633663188377
11568,1996-01-31,-0.0109011911402104,0.006607941827121016
11571,1996-01-31,-0.0645513656919594,0.006838633663188377
11574,1996-01-31,0.0060617752376256,0.006929939038970383
11581,1996-01-31,-0.0027285207244886,0.006607941827121016
11587,1996-01-31,-0.0622799822992692,0.006607941827121016
11590,1996-01-31,0.0259985778163059,0.006607941827121016
11591,1996-01-31,-0.0100813429866605,0.007066478402541605
11593,1996-01-31,0.0174710019040494,0.007794162892273752
11596,1996-01-31,-0.1092685228929463,0.006995596495758291
11598,1996-01-31,-0.0119442865463393,0.006607941827121016
11599,1996-01-31,-0.0418956004734242,0.007223107339790162
11600,1996-01-31,-0.0028441540258286,0.006607941827121016
11601,1996-01-31,0.0853950509299631,0.006607941827121016
11607,1996-01-31,-0.0348150119182215,0.007223107339790162
11614,1996-01-31,0.0040502899662547,0.007066478402541605
11618,1996-01-31,-0.0350341647197776,0.007246746383964871
11622,1996-01-31,-0.0374619054275235,0.006745732927670918
11624,1996-01-31,-0.0373069015649856,0.006149407150916556
11625,1996-01-31,-0.0860136282416086,0.006607941827121016
11628,1996-01-31,-0.0144839415682805,0.006929939038970383
11630,1996-01-31,-0.0529964597018517,0.006995596495758291
11631,1996-01-31,-0.0463932664256155,0.007170895251766609
11634,1996-01-31,0.0054719158364444,0.006607941827121016
11636,1996-01-31,-0.0041741070285102,0.006607941827121016
11638,1996-01-31,0.2205826680556472,0.006995596495758291
11641,1996-01-31,-0.1420770097449535,0.006336405287877048
11642,1996-01-31,-0.1158257604929683,0.007170895251766609
11643,1996-01-31,0.0027860346764858,0.006607941827121016
11644,1996-01-31,-0.0678017216430389,0.007066478402541605
11646,1996-01-31,0.0241167902331079,0.006929939038970383
11647,1996-01-31,-0.0373416266053144,0.006995596495758291
11651,1996-01-31,0.0025827709672035,0.006995596495758291
11652,1996-01-31,-0.0157758725328573,0.006607941827121016
11653,1996-01-31,0.011007174796521,0.006995596495758291
11654,1996-01-31,-0.0297193989884753,0.007258888184444201
11656,1996-01-31,-0.0531100223124128,0.006929939038970383
11660,1996-01-31,-0.0025199157526866,0.006995596495758291
11661,1996-01-31,0.0430223961340558,0.006995596495758291
11662,1996-01-31,0.0181838871125643,0.006995596495758291
11663,1996-01-31,-0.0396314114899442,0.007698096429491497
11665,1996-01-31,0.0812566862404189,0.007170895251766609
11668,1996-01-31,-0.1473695934338597,0.0062096292965414055
11671,1996-01-31,-0.0498451489755892,0.0074185013126982086
11674,1996-01-31,0.0076846985541636,0.006838633663188377
11677,1996-01-31,0.004806931136319,0.006997253245179739
11678,1996-01-31,-0.0346888530339846,0.006607941827121016
11681,1996-01-31,0.0715363153494503,0.006997253245179739
11687,1996-01-31,0.1194591977035042,0.006929939038970383
11689,1996-01-31,-0.0017332951329267,0.007794162892273752
11691,1996-01-31,0.0051166714407554,0.0070257957384703825
11694,1996-01-31,-0.0120955955844392,0.006838633663188377
11701,1996-01-31,-0.0205025667901206,0.0062096292965414055
11702,1996-01-31,0.0385296134493759,0.006838633663188377
11703,1996-01-31,-0.0285329042977627,0.006607941827121016
11704,1996-01-31,-0.0118136820113237,0.0062096292965414055
11705,1996-01-31,-0.030085712525202,0.006607941827121016
11707,1996-01-31,0.0016385242846778,0.006607941827121016
11713,1996-01-31,-0.033254746261219,0.007794162892273752
11714,1996-01-31,0.2264414107290834,0.006995596495758291
11716,1996-01-31,0.0021429666960294,0.006929939038970383
11723,1996-01-31,-0.0425394420958405,0.006929939038970383
11725,1996-01-31,0.0754802350620337,0.006880708141981257
11726,1996-01-31,0.0230802442702155,0.0062096292965414055
11727,1996-01-31,0.0116464660988171,0.006607941827121016
11728,1996-01-31,-0.0732823357844652,0.006607941827121016
11729,1996-01-31,-0.0453040454129285,0.00793796407281271
11731,1996-01-31,-0.015760591639733,0.007223107339790162
11740,1996-01-31,-0.0393485616787223,0.0062096292965414055
11742,1996-01-31,-0.0075367808885305,0.006607941827121016
11745,1996-01-31,-0.0186971688787492,0.006838633663188377
11747,1996-01-31,-0.0075054983541634,0.006995596495758291
11748,1996-01-31,-0.0124928351800093,0.006995596495758291
11750,1996-01-31,-0.0106876493989168,0.006929939038970383
11752,1996-01-31,0.0516928243600116,0.006607941827121016
11754,1996-01-31,-0.0221499422711028,0.006607941827121016
11757,1996-01-31,-0.067282681629144,0.006838633663188377
11760,1996-01-31,0.0058714233371155,0.006725131874578637
11761,1996-01-31,-0.0252280275302922,0.006607941827121016
11762,1996-01-31,-0.0078034138743992,0.006607941827121016
11764,1996-01-31,-0.0408953079055276,0.007170895251766609
11773,1996-01-31,-0.006978630571816,0.006607941827121016
11775,1996-01-31,0.0115621575353261,0.006607941827121016
11781,1996-01-31,0.0036936288331428,0.006607941827121016
11783,1996-01-31,-0.054643304674756,0.006929939038970383
11785,1996-01-31,0.0038314891834454,0.006880708141981257
11786,1996-01-31,-0.030884073800157,0.006929939038970383
11790,1996-01-31,0.0232086703251229,0.007246746383964871
11794,1996-01-31,-0.0509025656811642,0.006607941827121016
11796,1996-01-31,-0.0035244191751189,0.007170895251766609
11802,1996-01-31,0.059270806807219,0.007258888184444201
11803,1996-01-31,0.0013360572844125,0.007258888184444201
11805,1996-01-31,0.0814156830889497,0.006997253245179739
11808,1996-01-31,-0.0328477102230354,0.006929939038970383
11809,1996-01-31,-0.0288950615179907,0.0062096292965414055
11811,1996-01-31,-0.1265227529291085,0.007170895251766609
11819,1996-01-31,0.0129935307946702,0.006607941827121016
11820,1996-01-31,0.0192406793810207,0.006838633663188377
11823,1996-01-31,-0.0231380193847684,0.006607941827121016
11825,1996-01-31,-0.0250243795953187,0.006929939038970383
11831,1996-01-31,0.000977577578628,0.006607941827121016
11833,1996-01-31,0.017291580553168,0.006995596495758291
11839,1996-01-31,0.0021633163137182,0.006929939038970383
11844,1996-01-31,-0.0010309741665015,0.006607941827121016
11845,1996-01-31,-0.0185007467820045,0.006929939038970383
11847,1996-01-31,0.0153157046029527,0.006607941827121016
11849,1996-01-31,-0.0103863329426701,0.0062096292965414055
11850,1996-01-31,0.0123533159375214,0.007223107339790162
11851,1996-01-31,-0.0064812171264797,0.006607941827121016
11853,1996-01-31,0.0277801206328972,0.006880708141981257
11854,1996-01-31,0.0444295587836962,0.0074185013126982086
11861,1996-01-31,-0.0206876567815279,0.006725131874578637
11866,1996-01-31,-0.0040329263454245,0.006607941827121016
11868,1996-01-31,0.0554959320650176,0.007170895251766609
11873,1996-01-31,-0.038146687684319,0.006838633663188377
11874,1996-01-31,-0.016293588648268,0.006997253245179739
11878,1996-01-31,-0.008923493372281,0.006838633663188377
11879,1996-01-31,-0.0130177992336983,0.006995596495758291
11881,1996-01-31,-0.0716826706519962,0.006838633663188377
11883,1996-01-31,-0.0109848725660489,0.006929939038970383
11884,1996-01-31,-0.0392601923555683,0.006607941827121016
11887,1996-01-31,-0.0484277621579465,0.006838633663188377
11888,1996-01-31,-8.677759632868577e-05,0.006929939038970383
11891,1996-01-31,0.0109772813264843,0.0070257957384703825
11895,1996-01-31,-0.0549157052660153,0.006607941827121016
11896,1996-01-31,0.0122070989454643,0.006929939038970383
11898,1996-01-31,0.0687792537999781,0.006607941827121016
11899,1996-01-31,-0.0690626470821759,0.006607941827121016
11901,1996-01-31,0.0805336858554545,0.007258888184444201
11903,1996-01-31,-0.0023225977372543,0.006607941827121016
11908,1996-01-31,-0.029599955861149,0.006995596495758291
11910,1996-01-31,0.0584990885447186,0.006607941827121016
11911,1996-01-31,-0.0213160035506983,0.006607941827121016
11913,1996-01-31,-0.0169104430771204,0.006607941827121016
11917,1996-01-31,-0.069971262906168,0.006607941827121016
11918,1996-01-31,-0.0423292114753357,0.007066478402541605
11921,1996-01-31,-0.0345145135306775,0.006929939038970383
11923,1996-01-31,-0.0464878687533754,0.006995596495758291
11927,1996-01-31,0.0262686772210846,0.007794162892273752
11928,1996-01-31,-0.0065478050793058,0.007066478402541605
11929,1996-01-31,-0.0238428157472062,0.007170895251766609
11934,1996-01-31,-0.0488113610283924,0.0062096292965414055
11936,1996-01-31,-0.0325379147408082,0.007246746383964871
11937,1996-01-31,-0.0733121614188221,0.006607941827121016
11938,1996-01-31,-0.018029094884855,0.006607941827121016
11945,1996-01-31,0.0142223430890381,0.006607941827121016
11947,1996-01-31,-0.0244588769458577,0.006880708141981257
11948,1996-01-31,-0.0247695656919043,0.006880708141981257
11952,1996-01-31,-0.0125635306264961,0.006607941827121016
11955,1996-01-31,-0.0185220842103856,0.007066478402541605
11956,1996-01-31,0.0188293468769933,0.006607941827121016
11958,1996-01-31,0.0054170313780303,0.006995596495758291
11959,1996-01-31,-0.0427757662451504,0.0062096292965414055
11964,1996-01-31,-0.0450704380463874,0.00793796407281271
11967,1996-01-31,-0.0682368259022251,0.007066478402541605
11970,1996-01-31,-0.0433695689981917,0.006607941827121016
11971,1996-01-31,0.1586951028704235,0.006725131874578637
11976,1996-01-31,-0.0322663405424352,0.006607941827121016
11978,1996-01-31,-0.0052894022999591,0.007170895251766609
11983,1996-01-31,-0.0265840142106783,0.006929939038970383
11985,1996-01-31,-0.0534904101029683,0.007066478402541605
11992,1996-01-31,-0.0239995121904686,0.006929939038970383
11994,1996-01-31,-0.0501026523734008,0.0062096292965414055
11995,1996-01-31,-0.0487803633608337,0.006997253245179739
11997,1996-01-31,-0.0195325502842718,0.006995596495758291
11998,1996-01-31,-0.0882410272577986,0.006607941827121016
12000,1996-01-31,-0.0104115357939888,0.006838633663188377
12002,1996-01-31,0.1782846000319868,0.0062096292965414055
12005,1996-01-31,0.0131335435707674,0.006929939038970383
12006,1996-01-31,-0.001160047642106,0.006838633663188377
12008,1996-01-31,0.0255389536629828,0.007339803927308159
12010,1996-01-31,-0.0013263948050974,0.006607941827121016
12012,1996-01-31,-0.0149027375194643,0.006607941827121016
12022,1996-01-31,-0.0385585086152951,0.006607941827121016
12024,1996-01-31,-0.0363078561495672,0.006929939038970383
12031,1996-01-31,-0.078333167146856,0.006607941827121016
12036,1996-01-31,0.0027037302254072,0.006995596495758291
12040,1996-01-31,0.014268039158085,0.006880708141981257
12041,1996-01-31,-0.0164672155322866,0.006995596495758291
12044,1996-01-31,-0.0118809047904432,0.006929939038970383
12045,1996-01-31,-0.1744370536185825,0.0062096292965414055
12046,1996-01-31,0.0014468095852536,0.006607941827121016
12048,1996-01-31,-0.0403748838756714,0.006607941827121016
12052,1996-01-31,-0.00991689488576,0.007339803927308159
12060,1996-01-31,-0.0121633463872559,0.007246746383964871
12062,1996-01-31,-0.037674000499916,0.006838633663188377
12063,1996-01-31,0.0401009227683144,0.006607941827121016
12067,1996-01-31,-0.0447447368710223,0.006607941827121016
12068,1996-01-31,-0.0103475960215882,0.006607941827121016
12072,1996-01-31,-0.02516607318972,0.007066478402541605
12073,1996-01-31,0.0016289923537133,0.006929939038970383
12074,1996-01-31,-0.0768540110521828,0.007066478402541605
12079,1996-01-31,-0.0234713488294751,0.007170895251766609
12086,1996-01-31,-0.0168899809561518,0.006997253245179739
12095,1996-01-31,-0.0336834789769618,0.006607941827121016
12099,1996-01-31,-0.0441047225020796,0.007223107339790162
12106,1996-01-31,-0.0055677936342353,0.006929939038970383
12107,1996-01-31,0.0161587403120756,0.006725131874578637
12110,1996-01-31,0.0026007928128229,0.007246746383964871
12113,1996-01-31,0.17103247654828,0.006607941827121016
12117,1996-01-31,-0.013026458733082,0.006607941827121016
12122,1996-01-31,-0.0683548433866603,0.006607941827121016
12126,1996-01-31,-0.0451510019883049,0.007246746383964871
12131,1996-01-31,-0.0241457170787338,0.007339803927308159
12137,1996-01-31,0.0048066325901133,0.006607941827121016
12138,1996-01-31,0.0087724819051845,0.007066478402541605
12139,1996-01-31,-0.0297654324707261,0.006607941827121016
12140,1996-01-31,-0.0014842301367263,0.007339803927308159
12145,1996-01-31,-0.0601734333234315,0.007246746383964871
12149,1996-01-31,-0.0584672880645753,0.006607941827121016
12155,1996-01-31,0.0520304792224433,0.006607941827121016
12164,1996-01-31,-0.0794015362364695,0.006607941827121016
12165,1996-01-31,-0.0194911064515949,0.006929939038970383
12166,1996-01-31,-0.0023087386562311,0.006929939038970383
12169,1996-01-31,-0.0041960190063043,0.006995596495758291
12171,1996-01-31,-0.0067582438852146,0.006995596495758291
12173,1996-01-31,-0.0462503927326704,0.006995596495758291
12174,1996-01-31,-0.0250513048452347,0.006607941827121016
12175,1996-01-31,-0.0027049597187028,0.006838633663188377
12178,1996-01-31,-0.1870185573758372,0.006607941827121016
12189,1996-01-31,-0.0096131311910856,0.006929939038970383
12190,1996-01-31,0.0346156441688686,0.006607941827121016
12193,1996-01-31,-0.0261578505905341,0.006995596495758291
12195,1996-01-31,-0.0339032509938424,0.006838633663188377
12199,1996-01-31,-0.0049315819296054,0.0062096292965414055
12202,1996-01-31,-0.0797019411722103,0.006838633663188377
12205,1996-01-31,-0.0220657758149781,0.007794162892273752
12209,1996-01-31,-0.1305515842103785,0.006997253245179739
12211,1996-01-31,-0.0104811746018489,0.006607941827121016
12214,1996-01-31,-0.0681624854774852,0.006607941827121016
12215,1996-01-31,-0.0885359717865383,0.0062096292965414055
12217,1996-01-31,0.0404445533098867,0.006607941827121016
12218,1996-01-31,-0.0481359841691782,0.00793796407281271
12221,1996-01-31,-0.0168399808024768,0.0062096292965414055
12226,1996-01-31,0.0413386438031593,0.006997253245179739
12230,1996-01-31,0.0003249044376892,0.007246746383964871
12236,1996-01-31,-0.0357807279852632,0.006929939038970383
12246,1996-01-31,-0.01794409271998,0.006607941827121016
12248,1996-01-31,-0.0003737101968781,0.006995596495758291
12252,1996-01-31,0.0699643959629451,0.006838633663188377
12253,1996-01-31,-0.0067075318912366,0.007066478402541605
12257,1996-01-31,0.0733233944334625,0.006607941827121016
12259,1996-01-31,-0.0331372368767674,0.006149407150916556
12260,1996-01-31,-0.0405440412864956,0.006995596495758291
12265,1996-01-31,0.0040309800691893,0.006929939038970383
12269,1996-01-31,0.0026684504417856,0.007170895251766609
12275,1996-01-31,-0.0019009216601746,0.006607941827121016
12277,1996-01-31,-0.0571739269485532,0.007246746383964871
12279,1996-01-31,-0.0353440147751005,0.006607941827121016
12281,1996-01-31,-0.0238649470352558,0.006607941827121016
12282,1996-01-31,-0.0265027118914578,0.006997253245179739
12284,1996-01-31,0.0133397624267245,0.006607941827121016
12319,1996-01-31,-0.0018795594175426,0.006838633663188377
12320,1996-01-31,-0.0256661515815213,0.007223107339790162
12395,1996-01-31,-0.0197604520335608,0.0070257957384703825
12431,1996-01-31,-0.009908052754779,0.006607941827121016
12458,1996-01-31,-0.0204843343117584,0.006995596495758291
12490,1996-01-31,-0.0064780226056034,0.006607941827121016
12491,1996-01-31,-0.038974176639946,0.006607941827121016
12503,1996-01-31,-0.0482467592274937,0.007170895251766609
12504,1996-01-31,0.0081830537809928,0.006607941827121016
12511,1996-01-31,-0.052331035308339,0.006607941827121016
12539,1996-01-31,-0.019034610030723,0.006995596495758291
12546,1996-01-31,0.0081551099130859,0.007170895251766609
12570,1996-01-31,-0.0464050916205527,0.006607941827121016
12627,1996-01-31,0.0109828371694858,0.007246746383964871
12650,1996-01-31,-0.0271441609409182,0.007246746383964871
12749,1996-01-31,-0.0437762718383994,0.006880708141981257
12758,1996-01-31,-0.1074743166297327,0.0062096292965414055
12781,1996-01-31,-0.0508242269600759,0.0062096292965414055
12811,1996-01-31,0.008043563656117,0.006838633663188377
12918,1996-01-31,-0.0418153454446601,0.007339803927308159
13056,1996-01-31,-0.0438037911826028,0.006995596495758291
13100,1996-01-31,-0.0338718518254027,0.007339803927308159
13119,1996-01-31,0.0026427127907696,0.007794162892273752
13152,1996-01-31,0.0213161171935355,0.006995596495758291
13216,1996-01-31,-0.0042994169556134,0.006995596495758291
13232,1996-01-31,-0.0044506588681018,0.0062096292965414055
13283,1996-01-31,-0.0221670100094666,0.006607941827121016
13290,1996-01-31,0.0089010181819231,0.006880708141981257
13303,1996-01-31,0.0157648058579624,0.006607941827121016
13304,1996-01-31,-0.018213387675015,0.007258888184444201
13470,1996-01-31,-0.0763728931948199,0.006607941827121016
13507,1996-01-31,-0.0170344888165413,0.006995596495758291
13603,1996-01-31,-0.0701198194236479,0.007794162892273752
13610,1996-01-31,-0.0298736190332074,0.006929939038970383
13646,1996-01-31,0.0021440147631456,0.005698658784729691
13688,1996-01-31,-0.0187642576994054,0.006838633663188377
13769,1996-01-31,-0.0041359064878355,0.006838633663188377
13777,1996-01-31,0.0014104080698135,0.006929939038970383
13821,1996-01-31,-0.0325499306118614,0.007246746383964871
13856,1996-01-31,-0.0201853870740162,0.007066478402541605
13901,1996-01-31,-0.0086175933231235,0.006929939038970383
13928,1996-01-31,-0.0102160718795383,0.006838633663188377
13936,1996-01-31,-0.0059823284232039,0.006880708141981257
13987,1996-01-31,-0.0110134452727626,0.006838633663188377
14008,1996-01-31,-0.0116003828254335,0.007794162892273752
14059,1996-01-31,0.0440440320990198,0.006929939038970383
14154,1996-01-31,-0.0370469740889663,0.006838633663188377
14198,1996-01-31,0.0222885902068244,0.007258888184444201
14219,1996-01-31,-0.0315766456820204,0.006607941827121016
14227,1996-01-31,0.0374086176618297,0.006336405287877048
14277,1996-01-31,0.0359292742162959,0.006838633663188377
14286,1996-01-31,-0.063807512543513,0.006995596495758291
14306,1996-01-31,-0.0346530185539487,0.0072851352309467425
14322,1996-01-31,-0.001511711268035,0.007339803927308159
14323,1996-01-31,-0.0260129262333698,0.007170895251766609
14331,1996-01-31,-0.0263979821579002,0.006607941827121016
14382,1996-01-31,-0.0399821574480903,0.006838633663188377
14403,1996-01-31,-0.0399776977105305,0.0062096292965414055
14461,1996-01-31,-0.0282964935109453,0.006997253245179739
14526,1996-01-31,-0.0383748274861573,0.006838633663188377
14541,1996-01-31,-0.0080632220420634,0.007170895251766609
14593,1996-01-31,0.0017083391602165,0.006607941827121016
14656,1996-01-31,-0.0315008577866217,0.007170895251766609
14702,1996-01-31,-0.0486517363094776,0.006607941827121016
14736,1996-01-31,0.0008078472746096,0.007223107339790162
14752,1996-01-31,0.0032612087454111,0.006838633663188377
14761,1996-01-31,0.1025206988034714,0.007170895251766609
14795,1996-01-31,-0.0223849353090619,0.006607941827121016
14816,1996-01-31,0.0164905946810949,0.006997253245179739
14868,1996-01-31,-0.0314183619912828,0.007066478402541605
14883,1996-01-31,-0.0181774337325826,0.006838633663188377
14891,1996-01-31,-0.0443852054843437,0.006838633663188377
14955,1996-01-31,-0.0201753188519971,0.006838633663188377
15035,1996-01-31,-0.0321551203912615,0.00714025233106842
15069,1996-01-31,-0.0147636715674016,0.006838633663188377
15070,1996-01-31,-0.0441975146256007,0.006929939038970383
15077,1996-01-31,-0.0198049886088466,0.006607941827121016
15166,1996-01-31,0.0012596697385407,0.006995596495758291
15202,1996-01-31,-0.0271167255484241,0.007170895251766609
15203,1996-01-31,-0.0054780624371896,0.006607941827121016
15238,1996-01-31,-0.0049528981870211,0.006838633663188377
15262,1996-01-31,-0.0016733205875966,0.006838633663188377
15318,1996-01-31,-0.0111903114456343,0.006929939038970383
15368,1996-01-31,-0.0019861346671825,0.006995596495758291
15456,1996-01-31,-0.0263963169655613,0.007170895251766609
15457,1996-01-31,0.0301045253354237,0.006607941827121016
15465,1996-01-31,-0.0232268401015459,0.006929939038970383
15472,1996-01-31,-0.030591533400913,0.0070257957384703825
15502,1996-01-31,-0.0210346195092245,0.007170895251766609
15537,1996-01-31,0.0035458037555253,0.006607941827121016
15553,1996-01-31,-0.0046445158786586,0.0062096292965414055
15560,1996-01-31,-0.0055167218186898,0.00714025233106842
15579,1996-01-31,-0.0593907199333286,0.006607941827121016
15580,1996-01-31,-0.0017876058771831,0.006995596495758291
15617,1996-01-31,-0.0307560667271292,0.006929939038970383
15659,1996-01-31,-0.0001555652264336,0.006929939038970383
15667,1996-01-31,-0.0167372516207929,0.006929939038970383
15684,1996-01-31,-0.0065321010663282,0.006607941827121016
15720,1996-01-31,-0.0177865080904629,0.006838633663188377
15721,1996-01-31,-0.0217768561233235,0.006838633663188377
15747,1996-01-31,-0.0171333787918306,0.006880708141981257
15748,1996-01-31,0.0041073256127896,0.006607941827121016
15820,1996-01-31,-0.0705825436915835,0.006607941827121016
15828,1996-01-31,0.0141005622054427,0.007258888184444201
15966,1996-01-31,-0.0090940327994832,0.007223107339790162
15991,1996-01-31,0.008729208490662,0.006607941827121016
16030,1996-01-31,-0.0245023901803129,0.006838633663188377
16117,1996-01-31,-0.0164870325503349,0.0062096292965414055
16126,1996-01-31,-0.0441950664198515,0.006607941827121016
16185,1996-01-31,-0.0269294912152529,0.006607941827121016
16193,1996-01-31,-0.0208820644568009,0.006929939038970383
16396,1996-01-31,-0.0134730449707093,0.0062096292965414055
16417,1996-01-31,-0.0720461162387247,0.006995596495758291
16424,1996-01-31,-0.0268750753756322,0.006838633663188377
16432,1996-01-31,-0.0284483040535608,0.007223107339790162
16460,1996-01-31,-0.0114360289847185,0.006929939038970383
16468,1996-01-31,0.0444092085724591,0.006995596495758291
16505,1996-01-31,-0.0456087921930466,0.006607941827121016
16548,1996-01-31,-0.0366568816513547,0.006929939038970383
16555,1996-01-31,-0.0207690263722487,0.006725131874578637
16564,1996-01-31,-0.0062757820949166,0.007246746383964871
16599,1996-01-31,-0.0250664880130146,0.0062096292965414055
16600,1996-01-31,0.0015415508189445,0.0070257957384703825
16644,1996-01-31,-0.023506043529064,0.006607941827121016
16678,1996-01-31,0.0234158793590752,0.007066478402541605
16708,1996-01-31,0.0088348533231479,0.006929939038970383
16715,1996-01-31,-0.057509701745354,0.006725131874578637
16716,1996-01-31,0.0090819123439476,0.006929939038970383
16767,1996-01-31,-0.0140802468720128,0.006607941827121016
16791,1996-01-31,-0.2259871834225026,0.006995596495758291
16855,1996-01-31,-0.0202227777247753,0.006929939038970383
16870,1996-01-31,-0.0040469202584315,0.006838633663188377
16890,1996-01-31,-0.0162896637958682,0.007246746383964871
16978,1996-01-31,-0.0220942319589701,0.006838633663188377
16986,1996-01-31,0.04054978491611,0.006607941827121016
17005,1996-01-31,0.0053819134507122,0.006838633663188377
17049,1996-01-31,-0.0332403419773174,0.007246746383964871
17057,1996-01-31,0.0198468465687602,0.007066478402541605
17137,1996-01-31,0.0052488628827329,0.007223107339790162
17144,1996-01-31,-0.0309782712602392,0.0070257957384703825
17196,1996-01-31,0.0195300518516372,0.006607941827121016
17278,1996-01-31,-0.0184381399608584,0.007246746383964871
17337,1996-01-31,-0.0562914308071642,0.006838633663188377
17443,1996-01-31,0.0105920506615362,0.006838633663188377
17444,1996-01-31,-0.006307945291348,0.006607941827121016
17478,1996-01-31,-0.0222333863930076,0.006607941827121016
17523,1996-01-31,-0.0353492857943655,0.006607941827121016
17559,1996-01-31,0.0063070584464065,0.0062096292965414055
17566,1996-01-31,-0.0214329955786153,0.007170895251766609
17671,1996-01-31,-0.0356264880195316,0.007339803927308159
17726,1996-01-31,-0.032925531422753,0.006838633663188377
17743,1996-01-31,-0.0067750362192975,0.007246746383964871
17750,1996-01-31,-0.0192516964022444,0.007246746383964871
17770,1996-01-31,0.0273157047902077,0.0062096292965414055
17778,1996-01-31,-0.0300250939893887,0.007246746383964871
17806,1996-01-31,-0.015669330424541,0.007170895251766609
17807,1996-01-31,-0.0069259744968359,0.0062096292965414055
17815,1996-01-31,-0.031878243584261,0.006607941827121016
17830,1996-01-31,0.0187373352550421,0.007339803927308159
17902,1996-01-31,-0.0305751933574479,0.006607941827121016
17903,1996-01-31,-0.0195165659916003,0.006725131874578637
17911,1996-01-31,-0.1228903070541873,0.006725131874578637
17929,1996-01-31,-0.0180609703160874,0.0062096292965414055
17946,1996-01-31,-0.0289261779037462,0.007066478402541605
17961,1996-01-31,0.009019259079969,0.006929939038970383
17962,1996-01-31,-0.0015419947758146,0.0072851352309467425
17989,1996-01-31,0.0428802610164379,0.0074185013126982086
18016,1996-01-31,-0.0433409417889176,0.006607941827121016
18033,1996-01-31,0.0080546839206665,0.007794162892273752
18067,1996-01-31,-0.0322853935866648,0.006607941827121016
18075,1996-01-31,-0.0223018772603802,0.006838633663188377
18091,1996-01-31,-0.0213269814486188,0.007339803927308159
18092,1996-01-31,-0.0012500848249927,0.006929939038970383
18112,1996-01-31,-0.0340590422625886,0.007223107339790162
18147,1996-01-31,-0.024811576267083,0.006838633663188377
18148,1996-01-31,-0.0477157243372143,0.006929939038970383
18156,1996-01-31,-0.046750862918444,0.007170895251766609
18163,1996-01-31,-0.0508565927291616,0.006929939038970383
18198,1996-01-31,-0.0017028203550864,0.007258888184444201
18244,1996-01-31,-0.034295159579573,0.006607941827121016
18286,1996-01-31,-0.0567620370764085,0.0062096292965414055
